id	lane	prompt
build6	build	build6-comment-store.txt
build7	build	build7-publish-hardening.txt
build8	build	build8-shorts-factory.txt
fe6	fe	fe6-create-edit-rooms.txt
fe7	fe	fe7-onboarding.txt
fe8	fe	fe8-empty-error-states.txt
build9	build	build9-tenant-isolation.txt
build10	build	build10-observability.txt
fe9	fe	fe9-perf-and-a11y.txt
fe10	fe	fe10-brand-consistency.txt
review1	review	review1-code-review.txt
qa1	qa	qa1-app-qa.txt
fix1	build	fix1-review-blockers.txt
flow1	fe	flow1-four-room-basics.txt
fixdoc08281	build	fixdoc08281.txt
fixdoc08282	fe	fixdoc08282.txt
fixdoc08283	review	fixdoc08283.txt
fixdoc08284	qa	fixdoc08284.txt
fixdoc08285	build	fixdoc08285.txt
